NAME,experiment,treatment,material,species,sex,timepoint,vial_number,vial_combo,egg_number,egg_level,combo,location,sequence_date
EKA-22-ITS_S754_L001,Wild_V_Lab_EKA,lab_pupa,lab_pupa,Drosophila_crucigera,NA,NA,NA,NA,NA,NA,NA,Ekahanui,feb_2024
EKA-23-ITS_S755_L001,Wild_V_Lab_EKA,lab_pupa,lab_pupa,Drosophila_crucigera,NA,NA,NA,NA,NA,NA,NA,Ekahanui,feb_2024
EKA-24-ITS_S756_L001,Wild_V_Lab_EKA,lab_pupa,lab_pupa,Drosophila_crucigera,NA,NA,NA,NA,NA,NA,NA,Ekahanui,feb_2024
EKA-25-ITS_S757_L001,Wild_V_Lab_EKA,lab_larva,lab_larva,Drosophila_crucigera,NA,NA,NA,NA,NA,NA,NA,Ekahanui,feb_2024
EKA-26-ITS_S758_L001,Wild_V_Lab_EKA,lab_larva,lab_larva,Drosophila_crucigera,NA,NA,NA,NA,NA,NA,NA,Ekahanui,feb_2024
EKA-27-ITS_S759_L001,Wild_V_Lab_EKA,lab_larva,lab_larva,Drosophila_crucigera,NA,NA,NA,NA,NA,NA,NA,Ekahanui,feb_2024
EKA001-ITS_S719_L001,EKA_pathogen,wild_fungus,Whole_Fly,Wild_UK,UK,NA,NA,NA,NA,NA,NA,Ekahanui,feb_2024
EKA002-ITS_S720_L001,EKA_pathogen,wild_fungus,Whole_Fly,Wild_UK,UK,NA,NA,NA,NA,NA,NA,Ekahanui,feb_2024
EKA003-ITS_S721_L001,EKA_pathogen,wild_fungus,Whole_Fly,Wild_UK,UK,NA,NA,NA,NA,NA,NA,Ekahanui,feb_2024
EKA004-ITS_S722_L001,EKA_pathogen,wild_fungus,Whole_Fly,Wild_UK,UK,NA,NA,NA,NA,NA,NA,Ekahanui,feb_2024
EKA005-ITS_S723_L001,EKA_pathogen,wild_fungus,Whole_Fly,Wild_UK,UK,NA,NA,NA,NA,NA,NA,Ekahanui,feb_2024
EKA006-ITS_S724_L001,EKA_pathogen,wild_fungus,Whole_Fly,Wild_UK,UK,NA,NA,NA,NA,NA,NA,Ekahanui,feb_2024
EKA007-ITS_S761_L001,EKA_pathogen,wild_fungus,fungus,Wild_UK,NA,NA,NA,NA,NA,NA,NA,Ekahanui,feb_2024
EKA008-ITS_S726_L001,EKA_pathogen,wild_fungus,Whole_Fly,Wild_UK,UK,NA,NA,NA,NA,NA,NA,Ekahanui,feb_2024
EKA009-ITS_S727_L001,EKA_pathogen,wild_fungus,Whole_Fly,Wild_UK,UK,NA,NA,NA,NA,NA,NA,Ekahanui,feb_2024
EKA010-ITS_S728_L001,EKA_pathogen,wild_fungus,Whole_Fly,Wild_UK,UK,NA,NA,NA,NA,NA,NA,Ekahanui,feb_2024
EKA011-ITS_S729_L001,EKA_pathogen,wild_fungus,Whole_Fly,Wild_UK,UK,NA,NA,NA,NA,NA,NA,Ekahanui,feb_2024
EKA012-ITS_S730_L001,EKA_pathogen,wild_fungus,Whole_Fly,Wild_UK,UK,NA,NA,NA,NA,NA,NA,Ekahanui,feb_2024
EKA013-ITS_S731_L001,EKA_pathogen,wild_fungus,andrea_swab,Wild_UK,NA,NA,NA,NA,NA,NA,NA,Ekahanui,feb_2024
EKA014-ITS_S732_L001,EKA_pathogen,wild_fungus,Whole_Fly,Wild_UK,UK,NA,NA,NA,NA,NA,NA,Ekahanui,feb_2024
EKA015-ITS_S762_L001,EKA_pathogen,wild_fungus,fungus,Wild_UK,NA,NA,NA,NA,NA,NA,NA,Ekahanui,feb_2024
F2-ITS_S766_L001,Preliminary_NSF_data,fresh,fresh_clermontia,Clermontia_oblongifolia,NA,Fresh,NA,NA,NA,NA,NA,Palikea,feb_2024
KK1-ITS_S479_L001,Microbe_Development,Microbe_Slurry,pisonia_slurry,Pisonia_Slurry_Manoa,NA,0_Day.0,NA,Microbe_Slurry_NA,NA,NA,8_Microbe_Slurry_Day.0,Manoa_Cliff,feb_2024
KK10-ITS_S489_L001,Microbe_Development,2_PBS,food_swab,Drosophila_crucigera,NA,3_Day.10,4,2_PBS_4,NA,NA,3_PBS_Day.10,UHM,feb_2024
KK100-ITS_S585_L001,Microbe_Development,1_start,Whole_Fly,Drosophila_crucigera,F,1_start,0_start,1_start_0_start,NA,NA,1_start_start,UHM,feb_2024
KK101-ITS_S586_L001,Microbe_Development,2_PBS,Whole_Fly,Drosophila_crucigera,F,2_Day.5,1,2_PBS_1,NA,NA,2_PBS_Day.5,UHM,feb_2024
KK102-ITS_S587_L001,Microbe_Development,2_PBS,Whole_Fly,Drosophila_crucigera,F,2_Day.5,2,2_PBS_2,NA,NA,2_PBS_Day.5,UHM,feb_2024
KK103-ITS_S588_L001,Microbe_Development,2_PBS,Whole_Fly,Drosophila_crucigera,F,2_Day.5,3,2_PBS_3,NA,NA,2_PBS_Day.5,UHM,feb_2024
KK104-ITS_S589_L001,Microbe_Development,2_PBS,Whole_Fly,Drosophila_crucigera,F,2_Day.5,4,2_PBS_4,NA,NA,2_PBS_Day.5,UHM,feb_2024
KK105-ITS_S590_L001,Microbe_Development,2_PBS,Whole_Fly,Drosophila_crucigera,F,2_Day.5,5,2_PBS_5,NA,NA,2_PBS_Day.5,UHM,feb_2024
KK106-ITS_S591_L001,Microbe_Development,3_Sterile_Wash,Whole_Fly,Drosophila_crucigera,F,2_Day.5,1,3_Sterile_Wash_1,NA,NA,4_Sterile_Wash_Day.5,UHM,feb_2024
KK107-ITS_S592_L001,Microbe_Development,3_Sterile_Wash,Whole_Fly,Drosophila_crucigera,F,2_Day.5,2,3_Sterile_Wash_2,NA,NA,4_Sterile_Wash_Day.5,UHM,feb_2024
KK108-ITS_S593_L001,Microbe_Development,3_Sterile_Wash,Whole_Fly,Drosophila_crucigera,F,2_Day.5,3,3_Sterile_Wash_3,NA,NA,4_Sterile_Wash_Day.5,UHM,feb_2024
KK109-ITS_S594_L001,Microbe_Development,3_Sterile_Wash,Whole_Fly,Drosophila_crucigera,F,2_Day.5,4,3_Sterile_Wash_4,NA,NA,4_Sterile_Wash_Day.5,UHM,feb_2024
KK11-ITS_S490_L001,Microbe_Development,2_PBS,food_swab,Drosophila_crucigera,NA,3_Day.10,5,2_PBS_5,NA,NA,3_PBS_Day.10,UHM,feb_2024
KK110-ITS_S595_L001,Microbe_Development,3_Sterile_Wash,Whole_Fly,Drosophila_crucigera,F,2_Day.5,5,3_Sterile_Wash_5,NA,NA,4_Sterile_Wash_Day.5,UHM,feb_2024
KK111-ITS_S596_L001,Microbe_Development,4_Live_Wash,Whole_Fly,Drosophila_crucigera,F,2_Day.5,1,4_Live_Wash_1,NA,NA,6_Live_Wash_Day.5,UHM,feb_2024
KK112-ITS_S597_L001,Microbe_Development,4_Live_Wash,Whole_Fly,Drosophila_crucigera,F,2_Day.5,2,4_Live_Wash_2,NA,NA,6_Live_Wash_Day.5,UHM,feb_2024
KK113-ITS_S598_L001,Microbe_Development,4_Live_Wash,Whole_Fly,Drosophila_crucigera,F,2_Day.5,3,4_Live_Wash_3,NA,NA,6_Live_Wash_Day.5,UHM,feb_2024
KK114-ITS_S599_L001,Microbe_Development,4_Live_Wash,Whole_Fly,Drosophila_crucigera,F,2_Day.5,4,4_Live_Wash_4,NA,NA,6_Live_Wash_Day.5,UHM,feb_2024
KK115-ITS_S600_L001,Microbe_Development,4_Live_Wash,Whole_Fly,Drosophila_crucigera,F,2_Day.5,5,4_Live_Wash_5,NA,NA,6_Live_Wash_Day.5,UHM,feb_2024
KK116-ITS_S601_L001,Microbe_Development,2_PBS,Whole_Fly,Drosophila_crucigera,F,4_Day.15,1,2_PBS_1,NA,NA,3_PBS_Day.15,UHM,feb_2024
KK117-ITS_S602_L001,Microbe_Development,2_PBS,Whole_Fly,Drosophila_crucigera,F,4_Day.15,2,2_PBS_2,NA,NA,3_PBS_Day.15,UHM,feb_2024
KK118-ITS_S603_L001,Microbe_Development,2_PBS,Whole_Fly,Drosophila_crucigera,F,4_Day.15,3,2_PBS_3,NA,NA,3_PBS_Day.15,UHM,feb_2024
KK119-ITS_S604_L001,Microbe_Development,2_PBS,Whole_Fly,Drosophila_crucigera,F,4_Day.15,4,2_PBS_4,NA,NA,3_PBS_Day.15,UHM,feb_2024
KK12-ITS_S491_L001,Microbe_Development,3_Sterile_Wash,food_swab,Drosophila_crucigera,NA,3_Day.10,1,3_Sterile_Wash_1,NA,NA,5_Sterile_Wash_Day.10,UHM,feb_2024
KK120-ITS_S605_L001,Microbe_Development,2_PBS,Whole_Fly,Drosophila_crucigera,F,4_Day.15,5,2_PBS_5,NA,NA,3_PBS_Day.15,UHM,feb_2024
KK121-ITS_S606_L001,Microbe_Development,3_Sterile_Wash,Whole_Fly,Drosophila_crucigera,F,4_Day.15,1,3_Sterile_Wash_1,NA,NA,5_Sterile_Wash_Day.15,UHM,feb_2024
KK122-ITS_S607_L001,Microbe_Development,3_Sterile_Wash,Whole_Fly,Drosophila_crucigera,F,4_Day.15,2,3_Sterile_Wash_2,NA,NA,5_Sterile_Wash_Day.15,UHM,feb_2024
KK123-ITS_S608_L001,Microbe_Development,3_Sterile_Wash,Whole_Fly,Drosophila_crucigera,F,4_Day.15,3,3_Sterile_Wash_3,NA,NA,5_Sterile_Wash_Day.15,UHM,feb_2024
KK124-ITS_S609_L001,Microbe_Development,3_Sterile_Wash,Whole_Fly,Drosophila_crucigera,F,4_Day.15,4,3_Sterile_Wash_4,NA,NA,5_Sterile_Wash_Day.15,UHM,feb_2024
KK125-ITS_S611_L001,Microbe_Development,3_Sterile_Wash,Whole_Fly,Drosophila_crucigera,F,4_Day.15,5,3_Sterile_Wash_5,NA,NA,5_Sterile_Wash_Day.15,UHM,feb_2024
KK126-ITS_S612_L001,Microbe_Development,4_Live_Wash,Whole_Fly,Drosophila_crucigera,F,4_Day.15,1,4_Live_Wash_1,NA,NA,7_Live_Wash_Day.15,UHM,feb_2024
KK127-ITS_S613_L001,Microbe_Development,4_Live_Wash,Whole_Fly,Drosophila_crucigera,F,4_Day.15,2,4_Live_Wash_2,NA,NA,7_Live_Wash_Day.15,UHM,feb_2024
KK128-ITS_S614_L001,Microbe_Development,4_Live_Wash,Whole_Fly,Drosophila_crucigera,F,4_Day.15,3,4_Live_Wash_3,NA,NA,7_Live_Wash_Day.15,UHM,feb_2024
KK129-ITS_S615_L001,Microbe_Development,4_Live_Wash,Whole_Fly,Drosophila_crucigera,F,4_Day.15,4,4_Live_Wash_4,NA,NA,7_Live_Wash_Day.15,UHM,feb_2024
KK13-ITS_S492_L001,Microbe_Development,3_Sterile_Wash,food_swab,Drosophila_crucigera,NA,3_Day.10,2,3_Sterile_Wash_2,NA,NA,5_Sterile_Wash_Day.10,UHM,feb_2024
KK130-ITS_S616_L001,Microbe_Development,4_Live_Wash,Whole_Fly,Drosophila_crucigera,F,4_Day.15,5,4_Live_Wash_5,NA,NA,7_Live_Wash_Day.15,UHM,feb_2024
KK131-ITS_S617_L001,Microbe_Development,2_PBS,Whole_Fly,Drosophila_crucigera,F,7_Day.30,1,2_PBS_1,NA,NA,3_PBS_Day.30,UHM,feb_2024
KK132-ITS_S618_L001,Microbe_Development,2_PBS,Whole_Fly,Drosophila_crucigera,F,7_Day.30,2,2_PBS_2,NA,NA,3_PBS_Day.30,UHM,feb_2024
KK133-ITS_S619_L001,Microbe_Development,2_PBS,Whole_Fly,Drosophila_crucigera,F,7_Day.30,3,2_PBS_3,NA,NA,3_PBS_Day.30,UHM,feb_2024
KK134-ITS_S620_L001,Microbe_Development,2_PBS,Whole_Fly,Drosophila_crucigera,F,7_Day.30,4,2_PBS_4,NA,NA,3_PBS_Day.30,UHM,feb_2024
KK135-ITS_S621_L001,Microbe_Development,2_PBS,Whole_Fly,Drosophila_crucigera,F,7_Day.30,5,2_PBS_5,NA,NA,3_PBS_Day.30,UHM,feb_2024
KK136-ITS_S622_L001,Microbe_Development,2_PBS,Whole_Fly,Drosophila_crucigera,F,7_Day.30,8,2_PBS_8,NA,NA,3_PBS_Day.30,UHM,feb_2024
KK137-ITS_S623_L001,Microbe_Development,2_PBS,Whole_Fly,Drosophila_crucigera,F,7_Day.30,9,2_PBS_9,NA,NA,3_PBS_Day.30,UHM,feb_2024
KK138-ITS_S624_L001,Microbe_Development,2_PBS,Whole_Fly,Drosophila_crucigera,F,7_Day.30,10,2_PBS_10,NA,NA,3_PBS_Day.30,UHM,feb_2024
KK139-ITS_S625_L001,Microbe_Development,3_Sterile_Wash,Whole_Fly,Drosophila_crucigera,F,7_Day.30,1,3_Sterile_Wash_1,NA,NA,5_Sterile_Wash_Day.30,UHM,feb_2024
KK14-ITS_S493_L001,Microbe_Development,3_Sterile_Wash,food_swab,Drosophila_crucigera,NA,3_Day.10,3,3_Sterile_Wash_3,NA,NA,5_Sterile_Wash_Day.10,UHM,feb_2024
KK140-ITS_S626_L001,Microbe_Development,3_Sterile_Wash,Whole_Fly,Drosophila_crucigera,F,7_Day.30,2,3_Sterile_Wash_2,NA,NA,5_Sterile_Wash_Day.30,UHM,feb_2024
KK141-ITS_S627_L001,Microbe_Development,3_Sterile_Wash,Whole_Fly,Drosophila_crucigera,F,7_Day.30,3,3_Sterile_Wash_3,NA,NA,5_Sterile_Wash_Day.30,UHM,feb_2024
KK142-ITS_S628_L001,Microbe_Development,3_Sterile_Wash,Whole_Fly,Drosophila_crucigera,F,7_Day.30,4,3_Sterile_Wash_4,NA,NA,5_Sterile_Wash_Day.30,UHM,feb_2024
KK143-ITS_S629_L001,Microbe_Development,3_Sterile_Wash,Whole_Fly,Drosophila_crucigera,F,7_Day.30,5,3_Sterile_Wash_5,NA,NA,5_Sterile_Wash_Day.30,UHM,feb_2024
KK144-ITS_S630_L001,Microbe_Development,3_Sterile_Wash,Whole_Fly,Drosophila_crucigera,F,7_Day.30,8,3_Sterile_Wash_8,NA,NA,5_Sterile_Wash_Day.30,UHM,feb_2024
KK145-ITS_S631_L001,Microbe_Development,3_Sterile_Wash,Whole_Fly,Drosophila_crucigera,F,7_Day.30,9,3_Sterile_Wash_9,NA,NA,5_Sterile_Wash_Day.30,UHM,feb_2024
KK146-ITS_S632_L001,Microbe_Development,3_Sterile_Wash,Whole_Fly,Drosophila_crucigera,F,7_Day.30,10,3_Sterile_Wash_10,NA,NA,5_Sterile_Wash_Day.30,UHM,feb_2024
KK147-ITS_S633_L001,Microbe_Development,4_Live_Wash,Whole_Fly,Drosophila_crucigera,F,7_Day.30,1,4_Live_Wash_1,NA,NA,7_Live_Wash_Day.30,UHM,feb_2024
KK148-ITS_S634_L001,Microbe_Development,4_Live_Wash,Whole_Fly,Drosophila_crucigera,F,7_Day.30,2,4_Live_Wash_2,NA,NA,7_Live_Wash_Day.30,UHM,feb_2024
KK149-ITS_S635_L001,Microbe_Development,4_Live_Wash,Whole_Fly,Drosophila_crucigera,F,7_Day.30,3,4_Live_Wash_3,NA,NA,7_Live_Wash_Day.30,UHM,feb_2024
KK15-ITS_S494_L001,Microbe_Development,3_Sterile_Wash,food_swab,Drosophila_crucigera,NA,3_Day.10,4,3_Sterile_Wash_4,NA,NA,5_Sterile_Wash_Day.10,UHM,feb_2024
KK150-ITS_S636_L001,Microbe_Development,4_Live_Wash,Whole_Fly,Drosophila_crucigera,F,7_Day.30,4,4_Live_Wash_4,NA,NA,7_Live_Wash_Day.30,UHM,feb_2024
KK151-ITS_S637_L001,Microbe_Development,4_Live_Wash,Whole_Fly,Drosophila_crucigera,F,7_Day.30,8,4_Live_Wash_8,NA,NA,7_Live_Wash_Day.30,UHM,feb_2024
KK152-ITS_S638_L001,Microbe_Development,4_Live_Wash,Whole_Fly,Drosophila_crucigera,F,7_Day.30,9,4_Live_Wash_9,NA,NA,7_Live_Wash_Day.30,UHM,feb_2024
KK153-ITS_S639_L001,Microbe_Development,4_Live_Wash,Whole_Fly,Drosophila_crucigera,F,7_Day.30,10,4_Live_Wash_10,NA,NA,7_Live_Wash_Day.30,UHM,feb_2024
KK154-ITS_S640_L001,Rewilded_Vs_Lab,lab_old_F6,Whole_Fly,Drosophila_hemipeza,M,Day.109,NA,NA,NA,NA,NA,UHM,feb_2024
KK155-ITS_S641_L001,Rewilded_Vs_Lab,lab_old_F6,Whole_Fly,Drosophila_hemipeza,M,Day.109,NA,NA,NA,NA,NA,UHM,feb_2024
KK156-ITS_S642_L001,Rewilded_Vs_Lab,lab_old_F6,Whole_Fly,Drosophila_hemipeza,M,Day.109,NA,NA,NA,NA,NA,UHM,feb_2024
KK157-ITS_S644_L001,Rewilded_Vs_Lab,lab_old_F6,Whole_Fly,Drosophila_hemipeza,M,Day.109,NA,NA,NA,NA,NA,UHM,feb_2024
KK158-ITS_S645_L001,Rewilded_Vs_Lab,lab_old_F6,Whole_Fly,Drosophila_hemipeza,M,Day.109,NA,NA,NA,NA,NA,UHM,feb_2024
KK159-ITS_S646_L001,Rewilded_Vs_Lab,lab_young_F6,Whole_Fly,Drosophila_hemipeza,M,Day.6,NA,NA,NA,NA,NA,UHM,feb_2024
KK16-ITS_S495_L001,Microbe_Development,3_Sterile_Wash,food_swab,Drosophila_crucigera,NA,3_Day.10,5,3_Sterile_Wash_5,NA,NA,5_Sterile_Wash_Day.10,UHM,feb_2024
KK160-ITS_S647_L001,Rewilded_Vs_Lab,lab_young_F6,Whole_Fly,Drosophila_hemipeza,M,Day.6,NA,NA,NA,NA,NA,UHM,feb_2024
KK161-ITS_S648_L001,Rewilded_Vs_Lab,lab_young_F6,Whole_Fly,Drosophila_hemipeza,M,Day.6,NA,NA,NA,NA,NA,UHM,feb_2024
KK162-ITS_S649_L001,Rewilded_Vs_Lab,lab_young_F6,Whole_Fly,Drosophila_hemipeza,M,Day.6,NA,NA,NA,NA,NA,UHM,feb_2024
KK163-ITS_S650_L001,Rewilded_Vs_Lab,lab_young_F6,Whole_Fly,Drosophila_hemipeza,M,Day.6,NA,NA,NA,NA,NA,UHM,feb_2024
KK164-ITS_S651_L001,Rewilded_Vs_Lab,lab_young_F7,Whole_Fly,Drosophila_hemipeza,M,Day.6,NA,NA,NA,NA,NA,UHM,feb_2024
KK165-ITS_S652_L001,Rewilded_Vs_Lab,lab_young_F7,Whole_Fly,Drosophila_hemipeza,M,Day.6,NA,NA,NA,NA,NA,UHM,feb_2024
KK166-ITS_S653_L001,Rewilded_Vs_Lab,lab_young_F7,Whole_Fly,Drosophila_hemipeza,M,Day.6,NA,NA,NA,NA,NA,UHM,feb_2024
KK167-ITS_S654_L001,Rewilded_Vs_Lab,lab_young_F7,Whole_Fly,Drosophila_hemipeza,M,Day.6,NA,NA,NA,NA,NA,UHM,feb_2024
KK168-ITS_S655_L001,Rewilded_Vs_Lab,lab_young_F7,Whole_Fly,Drosophila_hemipeza,M,Day.6,NA,NA,NA,NA,NA,UHM,feb_2024
KK169-ITS_S656_L001,Rewilded_Vs_Lab,rewilded,Whole_Fly,Drosophila_hemipeza,M,Day.28,NA,NA,NA,NA,NA,Manoa_Cliff,feb_2024
KK17-ITS_S496_L001,Microbe_Development,4_Live_Wash,food_swab,Drosophila_crucigera,NA,3_Day.10,1,4_Live_Wash_1,NA,NA,7_Live_Wash_Day.10,UHM,feb_2024
KK170-ITS_S657_L001,Rewilded_Vs_Lab,rewilded,Whole_Fly,Drosophila_hemipeza,M,Day.28,NA,NA,NA,NA,NA,Manoa_Cliff,feb_2024
KK171-ITS_S658_L001,Rewilded_Vs_Lab,rewilded,Whole_Fly,Drosophila_hemipeza,M,Day.28,NA,NA,NA,NA,NA,Manoa_Cliff,feb_2024
KK172-ITS_S659_L001,Rewilded_Vs_Lab,rewilded,Whole_Fly,Drosophila_hemipeza,M,Day.28,NA,NA,NA,NA,NA,Manoa_Cliff,feb_2024
KK173-ITS_S660_L001,Rewilded_Vs_Lab,rewilded,Whole_Fly,Drosophila_hemipeza,M,Day.28,NA,NA,NA,NA,NA,Manoa_Cliff,feb_2024
KK174-ITS_S661_L001,Rewilded_Vs_Lab,rewilded,Whole_Fly,Drosophila_montgomeryi,M,Day.20,NA,NA,NA,NA,NA,Manoa_Cliff,feb_2024
KK175-ITS_S662_L001,Rewilded_Vs_Lab,rewilded,Whole_Fly,Drosophila_montgomeryi,M,Day.32,NA,NA,NA,NA,NA,Manoa_Cliff,feb_2024
KK176-ITS_S663_L001,Rewilded_Vs_Lab,rewilded,Whole_Fly,Drosophila_montgomeryi,M,Day.32,NA,NA,NA,NA,NA,Manoa_Cliff,feb_2024
KK177-ITS_S664_L001,Rewilded_Vs_Lab,rewilded,Whole_Fly,Drosophila_montgomeryi,M,Day.21,NA,NA,NA,NA,NA,Manoa_Cliff,feb_2024
KK178-ITS_S665_L001,Rewilded_Vs_Lab,rewilded,Whole_Fly,Drosophila_montgomeryi,M,Day.21,NA,NA,NA,NA,NA,Manoa_Cliff,feb_2024
KK179-ITS_S666_L001,Rewilded_Vs_Lab,Lab_Only,Whole_Fly,Drosophila_montgomeryi,M,Day.28,NA,NA,NA,NA,NA,UHM,feb_2024
KK18-ITS_S497_L001,Microbe_Development,4_Live_Wash,food_swab,Drosophila_crucigera,NA,3_Day.10,2,4_Live_Wash_2,NA,NA,7_Live_Wash_Day.10,UHM,feb_2024
KK180-ITS_S667_L001,Rewilded_Vs_Lab,Lab_Only,Whole_Fly,Drosophila_montgomeryi,M,Day.28,NA,NA,NA,NA,NA,UHM,feb_2024
KK181-ITS_S671_L001,Rewilded_Vs_Lab,Lab_Only,Whole_Fly,Drosophila_montgomeryi,M,Day.28,NA,NA,NA,NA,NA,UHM,feb_2024
KK182-ITS_S672_L001,Rewilded_Vs_Lab,Lab_Only,Whole_Fly,Drosophila_montgomeryi,M,Day.28,NA,NA,NA,NA,NA,UHM,feb_2024
KK183-ITS_S673_L001,Rewilded_Vs_Lab,Lab_Only,Whole_Fly,Drosophila_montgomeryi,M,Day.28,NA,NA,NA,NA,NA,UHM,feb_2024
KK184-ITS_S674_L001,Wild_V_Lab_EKA,wild,Whole_Fly,Drosophila_crucigera,M,NA,NA,NA,NA,NA,NA,Ekahanui,feb_2024
KK185-ITS_S675_L001,Wild_V_Lab_EKA,wild,Whole_Fly,Drosophila_crucigera,F,NA,NA,NA,NA,NA,NA,Ekahanui,feb_2024
KK186-ITS_S676_L001,Wild_V_Lab_EKA,wild,Whole_Fly,Drosophila_crucigera,F,NA,NA,NA,NA,NA,NA,Ekahanui,feb_2024
KK187-ITS_S677_L001,Wild_V_Lab_EKA,wild,Whole_Fly,Drosophila_crucigera,M,NA,NA,NA,NA,NA,NA,Ekahanui,feb_2024
KK188-ITS_S678_L001,Wild_V_Lab_EKA,wild,Whole_Fly,Drosophila_crucigera,F,NA,NA,NA,NA,NA,NA,Ekahanui,feb_2024
KK189-ITS_S679_L001,Wild_V_Lab_EKA,wild,Whole_Fly,Drosophila_crucigera,M,NA,NA,NA,NA,NA,NA,Ekahanui,feb_2024
KK19-ITS_S498_L001,Microbe_Development,4_Live_Wash,food_swab,Drosophila_crucigera,NA,3_Day.10,3,4_Live_Wash_3,NA,NA,7_Live_Wash_Day.10,UHM,feb_2024
KK190-ITS_S680_L001,Wild_V_Lab_EKA,wild,Whole_Fly,Drosophila_crucigera,F,NA,NA,NA,NA,NA,NA,Ekahanui,feb_2024
KK191-ITS_S681_L001,Wild_V_Lab_EKA,wild,Whole_Fly,Drosophila_crucigera,F,NA,NA,NA,NA,NA,NA,Ekahanui,feb_2024
KK192-ITS_S683_L001,Wild_V_Lab_EKA,wild,Whole_Fly,Drosophila_crucigera,F,NA,NA,NA,NA,NA,NA,Ekahanui,feb_2024
KK193-ITS_S684_L001,Wild_V_Lab_EKA,wild,Whole_Fly,Drosophila_crucigera,F,NA,NA,NA,NA,NA,NA,Ekahanui,feb_2024
KK194-ITS_S685_L001,Wild_V_Lab_EKA,wild,Whole_Fly,Drosophila_crucigera,F,NA,NA,NA,NA,NA,NA,Ekahanui,feb_2024
KK195-ITS_S686_L001,Wild_V_Lab_EKA,wild,Whole_Fly,Drosophila_crucigera,M,NA,NA,NA,NA,NA,NA,Ekahanui,feb_2024
KK196-ITS_S687_L001,Wild_V_Lab_EKA,wild,Whole_Fly,Drosophila_crucigera,F,NA,NA,NA,NA,NA,NA,Ekahanui,feb_2024
KK197-ITS_S688_L001,Wild_V_Lab_EKA,wild,Whole_Fly,Drosophila_crucigera,F,NA,NA,NA,NA,NA,NA,Ekahanui,feb_2024
KK198-ITS_S689_L001,Wild_V_Lab_EKA,wild,Whole_Fly,Drosophila_crucigera,M,NA,NA,NA,NA,NA,NA,Ekahanui,feb_2024
KK199-ITS_S690_L001,Wild_V_Lab_EKA,wild,Whole_Fly,Drosophila_crucigera,F,NA,NA,NA,NA,NA,NA,Ekahanui,feb_2024
KK2-ITS_S480_L001,Microbe_Development,Microbe_Slurry,pisonia_slurry,Pisonia_Slurry_EKA_1,NA,2_Day.5,NA,Microbe_Slurry_NA,NA,NA,9_Microbe_Slurry_Day.5,Ekahanui,feb_2024
KK20-ITS_S499_L001,Microbe_Development,4_Live_Wash,food_swab,Drosophila_crucigera,NA,3_Day.10,4,4_Live_Wash_4,NA,NA,7_Live_Wash_Day.10,UHM,feb_2024
KK200-ITS_S691_L001,Wild_V_Lab_EKA,Lab,Whole_Fly,Drosophila_crucigera,M,old,NA,NA,NA,NA,NA,UHM,feb_2024
KK201-ITS_S692_L001,Wild_V_Lab_EKA,Lab,Whole_Fly,Drosophila_crucigera,M,old,NA,NA,NA,NA,NA,UHM,feb_2024
KK202-ITS_S693_L001,Wild_V_Lab_EKA,Lab,Whole_Fly,Drosophila_crucigera,M,young,NA,NA,NA,NA,NA,UHM,feb_2024
KK203-ITS_S694_L001,Wild_V_Lab_EKA,Lab,Whole_Fly,Drosophila_crucigera,M,young,NA,NA,NA,NA,NA,UHM,feb_2024
KK204-ITS_S695_L001,Wild_V_Lab_EKA,Lab,Whole_Fly,Drosophila_crucigera,M,young,NA,NA,NA,NA,NA,UHM,feb_2024
KK205-ITS_S696_L001,Wild_V_Lab_EKA,Lab,Whole_Fly,Drosophila_crucigera,M,young,NA,NA,NA,NA,NA,UHM,feb_2024
KK206-ITS_S697_L001,Wild_V_Lab_EKA,Lab,Whole_Fly,Drosophila_crucigera,M,young,NA,NA,NA,NA,NA,UHM,feb_2024
KK207-ITS_S698_L001,Wild_V_Lab_EKA,Lab,Whole_Fly,Drosophila_crucigera,M,young,NA,NA,NA,NA,NA,UHM,feb_2024
KK208-ITS_S699_L001,Wild_V_Lab_EKA,Lab,Whole_Fly,Drosophila_crucigera,M,young,NA,NA,NA,NA,NA,UHM,feb_2024
KK209-ITS_S700_L001,Wild_V_Lab_EKA,Lab,Whole_Fly,Drosophila_crucigera,M,young,NA,NA,NA,NA,NA,UHM,feb_2024
KK21-ITS_S500_L001,Microbe_Development,4_Live_Wash,food_swab,Drosophila_crucigera,NA,3_Day.10,5,4_Live_Wash_5,NA,NA,7_Live_Wash_Day.10,UHM,feb_2024
KK210-ITS_S701_L001,Wild_V_Lab_EKA,Lab,Whole_Fly,Drosophila_crucigera,F,old,NA,NA,NA,NA,NA,UHM,feb_2024
KK211-ITS_S702_L001,Wild_V_Lab_EKA,Lab,Whole_Fly,Drosophila_crucigera,F,old,NA,NA,NA,NA,NA,UHM,feb_2024
KK212-ITS_S703_L001,Wild_V_Lab_EKA,Lab,Whole_Fly,Drosophila_crucigera,F,old,NA,NA,NA,NA,NA,UHM,feb_2024
KK213-ITS_S704_L001,Wild_V_Lab_EKA,Lab,Whole_Fly,Drosophila_crucigera,F,old,NA,NA,NA,NA,NA,UHM,feb_2024
KK214-ITS_S705_L001,Wild_V_Lab_EKA,Lab,Whole_Fly,Drosophila_crucigera,F,old,NA,NA,NA,NA,NA,UHM,feb_2024
KK215-ITS_S706_L001,Wild_V_Lab_EKA,Lab,Whole_Fly,Drosophila_crucigera,F,old,NA,NA,NA,NA,NA,UHM,feb_2024
KK216-ITS_S707_L001,Wild_V_Lab_EKA,Lab,Whole_Fly,Drosophila_crucigera,F,old,NA,NA,NA,NA,NA,UHM,feb_2024
KK217-ITS_S708_L001,Wild_V_Lab_EKA,Lab,Whole_Fly,Drosophila_crucigera,F,young,NA,NA,NA,NA,NA,UHM,feb_2024
KK218-ITS_S709_L001,Wild_V_Lab_EKA,Lab,Whole_Fly,Drosophila_crucigera,F,young,NA,NA,NA,NA,NA,UHM,feb_2024
KK219-ITS_S710_L001,Wild_V_Lab_EKA,Lab,Whole_Fly,Drosophila_crucigera,F,young,NA,NA,NA,NA,NA,UHM,feb_2024
KK22-ITS_S501_L001,Microbe_Development,2_PBS,food_swab,Drosophila_crucigera,NA,4_Day.15,1,2_PBS_1,NA,NA,3_PBS_Day.15,UHM,feb_2024
KK220-ITS_S711_L001,Wild_V_Lab_EKA,lab_larva,lab_larva,Drosophila_crucigera,NA,NA,NA,NA,NA,NA,NA,UHM,feb_2024
KK221-ITS_S712_L001,Wild_V_Lab_EKA,lab_larva,lab_larva,Drosophila_crucigera,NA,NA,NA,NA,NA,NA,NA,UHM,feb_2024
KK222-ITS_S713_L001,Wild_V_Lab_EKA,lab_larva,lab_larva,Drosophila_crucigera,NA,NA,NA,NA,NA,NA,NA,UHM,feb_2024
KK223-ITS_S714_L001,Wild_V_Lab_EKA,lab_larva,lab_larva,Drosophila_crucigera,NA,NA,NA,NA,NA,NA,NA,UHM,feb_2024
KK224-ITS_S715_L001,Wild_V_Lab_EKA,lab_larva,lab_larva,Drosophila_crucigera,NA,NA,NA,NA,NA,NA,NA,UHM,feb_2024
KK225-ITS_S716_L001,Rewilded_Vs_Lab,lab_frass,frass_swab,Drosophila_hemipeza,NA,NA,NA,NA,NA,NA,NA,UHM,feb_2024
KK226-ITS_S717_L001,Rewilded_Vs_Lab,lab_frass,frass_swab,Drosophila_hemipeza,NA,NA,NA,NA,NA,NA,NA,UHM,feb_2024
KK227-ITS_S718_L001,Rewilded_Vs_Lab,lab_frass,frass_swab,Drosophila_hemipeza,NA,NA,NA,NA,NA,NA,NA,UHM,feb_2024
KK23-ITS_S502_L001,Microbe_Development,2_PBS,food_swab,Drosophila_crucigera,NA,4_Day.15,2,2_PBS_2,NA,NA,3_PBS_Day.15,UHM,feb_2024
KK24-ITS_S503_L001,Microbe_Development,2_PBS,food_swab,Drosophila_crucigera,NA,4_Day.15,3,2_PBS_3,NA,NA,3_PBS_Day.15,UHM,feb_2024
KK25-ITS_S504_L001,Microbe_Development,2_PBS,food_swab,Drosophila_crucigera,NA,4_Day.15,4,2_PBS_4,NA,NA,3_PBS_Day.15,UHM,feb_2024
KK26-ITS_S505_L001,Microbe_Development,2_PBS,food_swab,Drosophila_crucigera,NA,4_Day.15,5,2_PBS_5,NA,NA,3_PBS_Day.15,UHM,feb_2024
KK27-ITS_S506_L001,Microbe_Development,3_Sterile_Wash,food_swab,Drosophila_crucigera,NA,4_Day.15,1,3_Sterile_Wash_1,NA,NA,5_Sterile_Wash_Day.15,UHM,feb_2024
KK28-ITS_S507_L001,Microbe_Development,3_Sterile_Wash,food_swab,Drosophila_crucigera,NA,4_Day.15,2,3_Sterile_Wash_2,NA,NA,5_Sterile_Wash_Day.15,UHM,feb_2024
KK29-ITS_S508_L001,Microbe_Development,3_Sterile_Wash,food_swab,Drosophila_crucigera,NA,4_Day.15,3,3_Sterile_Wash_3,NA,NA,5_Sterile_Wash_Day.15,UHM,feb_2024
KK3-ITS_S481_L001,Microbe_Development,Microbe_Slurry,pisonia_slurry,Pisonia_Slurry_EKA_1,NA,3_Day.10,NA,Microbe_Slurry_NA,NA,NA,Microbe_Slurry_Day.10,Ekahanui,feb_2024
KK30-ITS_S509_L001,Microbe_Development,3_Sterile_Wash,food_swab,Drosophila_crucigera,NA,4_Day.15,4,3_Sterile_Wash_4,NA,NA,5_Sterile_Wash_Day.15,UHM,feb_2024
KK31-ITS_S510_L001,Microbe_Development,3_Sterile_Wash,food_swab,Drosophila_crucigera,NA,4_Day.15,5,3_Sterile_Wash_5,NA,NA,5_Sterile_Wash_Day.15,UHM,feb_2024
KK32-ITS_S511_L001,Microbe_Development,4_Live_Wash,food_swab,Drosophila_crucigera,NA,4_Day.15,1,4_Live_Wash_1,NA,NA,7_Live_Wash_Day.15,UHM,feb_2024
KK33-ITS_S512_L001,Microbe_Development,4_Live_Wash,food_swab,Drosophila_crucigera,NA,4_Day.15,2,4_Live_Wash_2,NA,NA,7_Live_Wash_Day.15,UHM,feb_2024
KK34-ITS_S513_L001,Microbe_Development,4_Live_Wash,food_swab,Drosophila_crucigera,NA,4_Day.15,3,4_Live_Wash_3,NA,NA,7_Live_Wash_Day.15,UHM,feb_2024
KK35-ITS_S515_L001,Microbe_Development,4_Live_Wash,food_swab,Drosophila_crucigera,NA,4_Day.15,4,4_Live_Wash_4,NA,NA,7_Live_Wash_Day.15,UHM,feb_2024
KK36-ITS_S516_L001,Microbe_Development,4_Live_Wash,food_swab,Drosophila_crucigera,NA,4_Day.15,5,4_Live_Wash_5,NA,NA,7_Live_Wash_Day.15,UHM,feb_2024
KK37-ITS_S517_L001,Microbe_Development,2_PBS,food_swab,Drosophila_crucigera,NA,5_Day.20,1,2_PBS_1,NA,NA,3_PBS_Day.20,UHM,feb_2024
KK38-ITS_S518_L001,Microbe_Development,2_PBS,food_swab,Drosophila_crucigera,NA,5_Day.20,2,2_PBS_2,NA,NA,3_PBS_Day.20,UHM,feb_2024
KK39-ITS_S519_L001,Microbe_Development,2_PBS,food_swab,Drosophila_crucigera,NA,5_Day.20,3,2_PBS_3,NA,NA,3_PBS_Day.20,UHM,feb_2024
KK4-ITS_S482_L001,Microbe_Development,Microbe_Slurry,pisonia_slurry,Pisonia_Slurry_EKA_1,NA,4_Day.15,NA,Microbe_Slurry_NA,NA,NA,Microbe_Slurry_Day.15,Ekahanui,feb_2024
KK40-ITS_S520_L001,Microbe_Development,2_PBS,food_swab,Drosophila_crucigera,NA,5_Day.20,4,2_PBS_4,NA,NA,3_PBS_Day.20,UHM,feb_2024
KK41-ITS_S521_L001,Microbe_Development,2_PBS,food_swab,Drosophila_crucigera,NA,5_Day.20,5,2_PBS_5,NA,NA,3_PBS_Day.20,UHM,feb_2024
KK42-ITS_S522_L001,Microbe_Development,3_Sterile_Wash,food_swab,Drosophila_crucigera,NA,5_Day.20,1,3_Sterile_Wash_1,NA,NA,5_Sterile_Wash_Day.20,UHM,feb_2024
KK43-ITS_S523_L001,Microbe_Development,3_Sterile_Wash,food_swab,Drosophila_crucigera,NA,5_Day.20,2,3_Sterile_Wash_2,NA,NA,5_Sterile_Wash_Day.20,UHM,feb_2024
KK44-ITS_S524_L001,Microbe_Development,3_Sterile_Wash,food_swab,Drosophila_crucigera,NA,5_Day.20,3,3_Sterile_Wash_3,NA,NA,5_Sterile_Wash_Day.20,UHM,feb_2024
KK45-ITS_S525_L001,Microbe_Development,3_Sterile_Wash,food_swab,Drosophila_crucigera,NA,5_Day.20,4,3_Sterile_Wash_4,NA,NA,5_Sterile_Wash_Day.20,UHM,feb_2024
KK46-ITS_S526_L001,Microbe_Development,3_Sterile_Wash,food_swab,Drosophila_crucigera,NA,5_Day.20,5,3_Sterile_Wash_5,NA,NA,5_Sterile_Wash_Day.20,UHM,feb_2024
KK47-ITS_S527_L001,Microbe_Development,4_Live_Wash,food_swab,Drosophila_crucigera,NA,5_Day.20,1,4_Live_Wash_1,NA,NA,7_Live_Wash_Day.20,UHM,feb_2024
KK48-ITS_S528_L001,Microbe_Development,4_Live_Wash,food_swab,Drosophila_crucigera,NA,5_Day.20,2,4_Live_Wash_2,NA,NA,7_Live_Wash_Day.20,UHM,feb_2024
KK49-ITS_S529_L001,Microbe_Development,4_Live_Wash,food_swab,Drosophila_crucigera,NA,5_Day.20,3,4_Live_Wash_3,NA,NA,7_Live_Wash_Day.20,UHM,feb_2024
KK5-ITS_S483_L001,Microbe_Development,Microbe_Slurry,pisonia_slurry,Pisonia_Slurry_EKA_1,NA,5_Day.20,NA,Microbe_Slurry_NA,NA,NA,Microbe_Slurry_Day.20,Ekahanui,feb_2024
KK50-ITS_S530_L001,Microbe_Development,4_Live_Wash,food_swab,Drosophila_crucigera,NA,5_Day.20,4,4_Live_Wash_4,NA,NA,7_Live_Wash_Day.20,UHM,feb_2024
KK51-ITS_S531_L001,Microbe_Development,4_Live_Wash,food_swab,Drosophila_crucigera,NA,5_Day.20,5,4_Live_Wash_5,NA,NA,7_Live_Wash_Day.20,UHM,feb_2024
KK52-ITS_S532_L001,Microbe_Development,2_PBS,food_swab,Drosophila_crucigera,NA,6_Day.25,1,2_PBS_1,NA,NA,3_PBS_Day.25,UHM,feb_2024
KK53-ITS_S533_L001,Microbe_Development,2_PBS,food_swab,Drosophila_crucigera,NA,6_Day.25,2,2_PBS_2,NA,NA,3_PBS_Day.25,UHM,feb_2024
KK54-ITS_S534_L001,Microbe_Development,2_PBS,food_swab,Drosophila_crucigera,NA,6_Day.25,3,2_PBS_3,NA,NA,3_PBS_Day.25,UHM,feb_2024
KK55-ITS_S535_L001,Microbe_Development,2_PBS,food_swab,Drosophila_crucigera,NA,6_Day.25,4,2_PBS_4,NA,NA,3_PBS_Day.25,UHM,feb_2024
KK56-ITS_S536_L001,Microbe_Development,2_PBS,food_swab,Drosophila_crucigera,NA,6_Day.25,5,2_PBS_5,NA,NA,3_PBS_Day.25,UHM,feb_2024
KK57-ITS_S537_L001,Microbe_Development,3_Sterile_Wash,food_swab,Drosophila_crucigera,NA,6_Day.25,1,3_Sterile_Wash_1,NA,NA,5_Sterile_Wash_Day.25,UHM,feb_2024
KK58-ITS_S538_L001,Microbe_Development,3_Sterile_Wash,food_swab,Drosophila_crucigera,NA,6_Day.25,2,3_Sterile_Wash_2,NA,NA,5_Sterile_Wash_Day.25,UHM,feb_2024
KK59-ITS_S539_L001,Microbe_Development,3_Sterile_Wash,food_swab,Drosophila_crucigera,NA,6_Day.25,3,3_Sterile_Wash_3,NA,NA,5_Sterile_Wash_Day.25,UHM,feb_2024
KK6-ITS_S484_L001,Microbe_Development,Microbe_Slurry,pisonia_slurry,Pisonia_Slurry_EKA_1,NA,6_Day.25,NA,Microbe_Slurry_NA,NA,NA,Microbe_Slurry_Day.25,Ekahanui,feb_2024
KK60-ITS_S540_L001,Microbe_Development,3_Sterile_Wash,food_swab,Drosophila_crucigera,NA,6_Day.25,4,3_Sterile_Wash_4,NA,NA,5_Sterile_Wash_Day.25,UHM,feb_2024
KK61-ITS_S541_L001,Microbe_Development,3_Sterile_Wash,food_swab,Drosophila_crucigera,NA,6_Day.25,5,3_Sterile_Wash_5,NA,NA,5_Sterile_Wash_Day.25,UHM,feb_2024
KK62-ITS_S542_L001,Microbe_Development,4_Live_Wash,food_swab,Drosophila_crucigera,NA,6_Day.25,1,4_Live_Wash_1,NA,NA,7_Live_Wash_Day.25,UHM,feb_2024
KK63-ITS_S543_L001,Microbe_Development,4_Live_Wash,food_swab,Drosophila_crucigera,NA,6_Day.25,2,4_Live_Wash_2,NA,NA,7_Live_Wash_Day.25,UHM,feb_2024
KK64-ITS_S544_L001,Microbe_Development,4_Live_Wash,food_swab,Drosophila_crucigera,NA,6_Day.25,3,4_Live_Wash_3,NA,NA,7_Live_Wash_Day.25,UHM,feb_2024
KK65-ITS_S545_L001,Microbe_Development,4_Live_Wash,food_swab,Drosophila_crucigera,NA,6_Day.25,4,4_Live_Wash_4,NA,NA,7_Live_Wash_Day.25,UHM,feb_2024
KK66-ITS_S546_L001,Microbe_Development,4_Live_Wash,food_swab,Drosophila_crucigera,NA,6_Day.25,NA,4_Live_Wash_NA,NA,NA,7_Live_Wash_Day.25,UHM,feb_2024
KK67-ITS_S548_L001,Microbe_Development,2_PBS,food_swab,Drosophila_crucigera,NA,7_Day.30,1,2_PBS_1,NA,NA,3_PBS_Day.30,UHM,feb_2024
KK68-ITS_S549_L001,Microbe_Development,2_PBS,food_swab,Drosophila_crucigera,NA,7_Day.30,2,2_PBS_2,NA,NA,3_PBS_Day.30,UHM,feb_2024
KK69-ITS_S550_L001,Microbe_Development,2_PBS,food_swab,Drosophila_crucigera,NA,7_Day.30,3,2_PBS_3,NA,NA,3_PBS_Day.30,UHM,feb_2024
KK7-ITS_S485_L001,Microbe_Development,2_PBS,food_swab,Drosophila_crucigera,NA,3_Day.10,1,2_PBS_1,NA,NA,3_PBS_Day.10,UHM,feb_2024
KK70-ITS_S551_L001,Microbe_Development,2_PBS,food_swab,Drosophila_crucigera,NA,7_Day.30,4,2_PBS_4,NA,NA,3_PBS_Day.30,UHM,feb_2024
KK71-ITS_S552_L001,Microbe_Development,2_PBS,food_swab,Drosophila_crucigera,NA,7_Day.30,5,2_PBS_5,NA,NA,3_PBS_Day.30,UHM,feb_2024
KK72-ITS_S553_L001,Microbe_Development,2_PBS,food_swab,Drosophila_crucigera,NA,7_Day.30,6,2_PBS_6,NA,NA,3_PBS_Day.30,UHM,feb_2024
KK73-ITS_S554_L001,Microbe_Development,2_PBS,food_swab,Drosophila_crucigera,NA,7_Day.30,7,2_PBS_7,NA,NA,3_PBS_Day.30,UHM,feb_2024
KK74-ITS_S555_L001,Microbe_Development,2_PBS,food_swab,Drosophila_crucigera,NA,7_Day.30,8,2_PBS_8,NA,NA,3_PBS_Day.30,UHM,feb_2024
KK75-ITS_S556_L001,Microbe_Development,2_PBS,food_swab,Drosophila_crucigera,NA,7_Day.30,9,2_PBS_9,NA,NA,3_PBS_Day.30,UHM,feb_2024
KK76-ITS_S557_L001,Microbe_Development,2_PBS,food_swab,Drosophila_crucigera,NA,7_Day.30,10,2_PBS_10,NA,NA,3_PBS_Day.30,UHM,feb_2024
KK77-ITS_S558_L001,Microbe_Development,3_Sterile_Wash,food_swab,Drosophila_crucigera,NA,7_Day.30,1,3_Sterile_Wash_1,NA,NA,5_Sterile_Wash_Day.30,UHM,feb_2024
KK78-ITS_S559_L001,Microbe_Development,3_Sterile_Wash,food_swab,Drosophila_crucigera,NA,7_Day.30,2,3_Sterile_Wash_2,NA,NA,5_Sterile_Wash_Day.30,UHM,feb_2024
KK79-ITS_S560_L001,Microbe_Development,3_Sterile_Wash,food_swab,Drosophila_crucigera,NA,7_Day.30,3,3_Sterile_Wash_3,NA,NA,5_Sterile_Wash_Day.30,UHM,feb_2024
KK8-ITS_S487_L001,Microbe_Development,2_PBS,food_swab,Drosophila_crucigera,NA,3_Day.10,2,2_PBS_2,NA,NA,3_PBS_Day.10,UHM,feb_2024
KK80-ITS_S561_L001,Microbe_Development,3_Sterile_Wash,food_swab,Drosophila_crucigera,NA,7_Day.30,4,3_Sterile_Wash_4,NA,NA,5_Sterile_Wash_Day.30,UHM,feb_2024
KK81-ITS_S562_L001,Microbe_Development,3_Sterile_Wash,food_swab,Drosophila_crucigera,NA,7_Day.30,5,3_Sterile_Wash_5,NA,NA,5_Sterile_Wash_Day.30,UHM,feb_2024
KK82-ITS_S563_L001,Microbe_Development,3_Sterile_Wash,food_swab,Drosophila_crucigera,NA,7_Day.30,6,3_Sterile_Wash_6,NA,NA,5_Sterile_Wash_Day.30,UHM,feb_2024
KK83-ITS_S564_L001,Microbe_Development,3_Sterile_Wash,food_swab,Drosophila_crucigera,NA,7_Day.30,7,3_Sterile_Wash_7,NA,NA,5_Sterile_Wash_Day.30,UHM,feb_2024
KK84-ITS_S565_L001,Microbe_Development,3_Sterile_Wash,food_swab,Drosophila_crucigera,NA,7_Day.30,8,3_Sterile_Wash_8,NA,NA,5_Sterile_Wash_Day.30,UHM,feb_2024
KK85-ITS_S566_L001,Microbe_Development,3_Sterile_Wash,food_swab,Drosophila_crucigera,NA,7_Day.30,9,3_Sterile_Wash_9,NA,NA,5_Sterile_Wash_Day.30,UHM,feb_2024
KK86-ITS_S567_L001,Microbe_Development,3_Sterile_Wash,food_swab,Drosophila_crucigera,NA,7_Day.30,10,3_Sterile_Wash_10,NA,NA,5_Sterile_Wash_Day.30,UHM,feb_2024
KK87-ITS_S568_L001,Microbe_Development,4_Live_Wash,food_swab,Drosophila_crucigera,NA,7_Day.30,1,4_Live_Wash_1,NA,NA,7_Live_Wash_Day.30,UHM,feb_2024
KK88-ITS_S569_L001,Microbe_Development,4_Live_Wash,food_swab,Drosophila_crucigera,NA,7_Day.30,2,4_Live_Wash_2,NA,NA,7_Live_Wash_Day.30,UHM,feb_2024
KK89-ITS_S570_L001,Microbe_Development,4_Live_Wash,food_swab,Drosophila_crucigera,NA,7_Day.30,3,4_Live_Wash_3,NA,NA,7_Live_Wash_Day.30,UHM,feb_2024
KK9-ITS_S488_L001,Microbe_Development,2_PBS,food_swab,Drosophila_crucigera,NA,3_Day.10,3,2_PBS_3,NA,NA,3_PBS_Day.10,UHM,feb_2024
KK90-ITS_S571_L001,Microbe_Development,4_Live_Wash,food_swab,Drosophila_crucigera,NA,7_Day.30,4,4_Live_Wash_4,NA,NA,7_Live_Wash_Day.30,UHM,feb_2024
KK91-ITS_S575_L001,Microbe_Development,4_Live_Wash,food_swab,Drosophila_crucigera,NA,7_Day.30,6,4_Live_Wash_6,NA,NA,7_Live_Wash_Day.30,UHM,feb_2024
KK92-ITS_S576_L001,Microbe_Development,4_Live_Wash,food_swab,Drosophila_crucigera,NA,7_Day.30,7,4_Live_Wash_7,NA,NA,7_Live_Wash_Day.30,UHM,feb_2024
KK93-ITS_S577_L001,Microbe_Development,4_Live_Wash,food_swab,Drosophila_crucigera,NA,7_Day.30,8,4_Live_Wash_8,NA,NA,7_Live_Wash_Day.30,UHM,feb_2024
KK94-ITS_S578_L001,Microbe_Development,4_Live_Wash,food_swab,Drosophila_crucigera,NA,7_Day.30,9,4_Live_Wash_9,NA,NA,7_Live_Wash_Day.30,UHM,feb_2024
KK95-ITS_S579_L001,Microbe_Development,4_Live_Wash,food_swab,Drosophila_crucigera,NA,7_Day.30,10,4_Live_Wash_10,NA,NA,7_Live_Wash_Day.30,UHM,feb_2024
KK96-ITS_S580_L001,Microbe_Development,1_start,Whole_Fly,Drosophila_crucigera,F,1_start,0_start,1_start_0_start,NA,NA,1_start_start,UHM,feb_2024
KK97-ITS_S581_L001,Microbe_Development,1_start,Whole_Fly,Drosophila_crucigera,F,1_start,0_start,1_start_0_start,NA,NA,1_start_start,UHM,feb_2024
KK98-ITS_S583_L001,Microbe_Development,1_start,Whole_Fly,Drosophila_crucigera,F,1_start,0_start,1_start_0_start,NA,NA,1_start_start,UHM,feb_2024
KK99-ITS_S584_L001,Microbe_Development,1_start,Whole_Fly,Drosophila_crucigera,F,1_start,0_start,1_start_0_start,NA,NA,1_start_start,UHM,feb_2024
KRK-1-ITS_S301_L001,fecal_transfer,3_supplemented,frass_deposit,Drosophila_crucigera,F,1_Early,5,NA,NA,NA,NA,UHM,oct_2023
KRK-10-ITS_S310_L001,fecal_transfer,1_PBS_exposed,frass_deposit,Drosophila_crucigera,F,3_Last,89,NA,NA,NA,NA,UHM,oct_2023
KRK-100-ITS_S403_L001,fecal_transfer,3_supplemented,gut,Drosophila_crucigera,F,NA,110,NA,91,2_Medium_High,3_supplemented_2_high,UHM,oct_2023
KRK-101-ITS_S404_L001,fecal_transfer,3_supplemented,gut,Drosophila_crucigera,F,NA,110,NA,92,2_Medium_High,3_supplemented_2_high,UHM,oct_2023
KRK-102-ITS_S405_L001,fecal_transfer,3_supplemented,gut,Drosophila_crucigera,F,NA,113,NA,61,3_Medium_Low,3_supplemented_1_low,UHM,oct_2023
KRK-103-ITS_S406_L001,fecal_transfer,3_supplemented,gut,Drosophila_crucigera,F,NA,113,NA,107,1_High,3_supplemented_2_high,UHM,oct_2023
KRK-104-ITS_S407_L001,fecal_transfer,3_supplemented,gut,Drosophila_crucigera,F,NA,113,NA,NA,NA,NA,UHM,oct_2023
KRK-105-ITS_S408_L001,fecal_transfer,4_ plant_exposed,gut,Drosophila_crucigera,F,NA,116,NA,35,4_Low,4_plant_exposed_1_low,UHM,oct_2023
KRK-106-ITS_S409_L001,fecal_transfer,4_ plant_exposed,gut,Drosophila_crucigera,F,NA,116,NA,65,3_Medium_Low,4_plant_exposed_1_low,UHM,oct_2023
KRK-107-ITS_S410_L001,fecal_transfer,4_ plant_exposed,gut,Drosophila_crucigera,F,NA,116,NA,81,2_Medium_High,4_plant_exposed_2_high,UHM,oct_2023
KRK-108-ITS_S411_L001,fecal_transfer,4_ plant_exposed,gut,Drosophila_crucigera,F,NA,119,NA,100,1_High,4_plant_exposed_2_high,UHM,oct_2023
KRK-109-ITS_S412_L001,fecal_transfer,4_ plant_exposed,gut,Drosophila_crucigera,F,NA,119,NA,98,1_High,4_plant_exposed_2_high,UHM,oct_2023
KRK-11-ITS_S311_L001,fecal_transfer,1_PBS_exposed,frass_deposit,Drosophila_crucigera,F,1_Early,92,NA,NA,NA,NA,UHM,oct_2023
KRK-110-ITS_S413_L001,fecal_transfer,4_ plant_exposed,gut,Drosophila_crucigera,F,NA,119,NA,104,1_High,4_plant_exposed_2_high,UHM,oct_2023
KRK-111-ITS_S414_L001,fecal_transfer,4_ plant_exposed,gut,Drosophila_crucigera,F,NA,122,NA,89,2_Medium_High,4_plant_exposed_2_high,UHM,oct_2023
KRK-112-ITS_S415_L001,fecal_transfer,4_ plant_exposed,gut,Drosophila_crucigera,F,NA,122,NA,31,4_Low,4_plant_exposed_1_low,UHM,oct_2023
KRK-113-ITS_S416_L001,fecal_transfer,4_ plant_exposed,gut,Drosophila_crucigera,F,NA,122,NA,96,1_High,4_plant_exposed_2_high,UHM,oct_2023
KRK-114-ITS_S417_L001,Wild_V_Lab_EKA,wild_larvae,Whole_Fly,Drosophila_crucigera,M,NA,NA,NA,NA,NA,NA,Ekahanui,oct_2023
KRK-115-ITS_S418_L001,Wild_V_Lab_EKA,wild_larvae,Whole_Fly,Drosophila_crucigera,M,NA,NA,NA,NA,NA,NA,Ekahanui,oct_2023
KRK-116-ITS_S419_L001,Wild_V_Lab_EKA,wild_larvae,Whole_Fly,Drosophila_crucigera,M,NA,NA,NA,NA,NA,NA,Ekahanui,oct_2023
KRK-117-ITS_S420_L001,Wild_V_Lab_EKA,wild_larvae,Whole_Fly,Drosophila_crucigera,M,NA,NA,NA,NA,NA,NA,Ekahanui,oct_2023
KRK-118-ITS_S421_L001,Wild_V_Lab_EKA,wild_larvae,Whole_Fly,Drosophila_crucigera,M,NA,NA,NA,NA,NA,NA,Ekahanui,oct_2023
KRK-119-ITS_S422_L001,Wild_V_Lab_EKA,wild_larvae,Whole_Fly,Drosophila_crucigera,M,NA,NA,NA,NA,NA,NA,Ekahanui,oct_2023
KRK-12-ITS_S312_L001,fecal_transfer,1_PBS_exposed,frass_deposit,Drosophila_crucigera,F,3_Late,92,NA,NA,NA,NA,UHM,oct_2023
KRK-120-ITS_S423_L001,Wild_V_Lab_EKA,wild_larvae,Whole_Fly,Drosophila_crucigera,F,NA,NA,NA,NA,NA,NA,Ekahanui,oct_2023
KRK-121-ITS_S424_L001,Wild_V_Lab_EKA,wild_larvae,Whole_Fly,Drosophila_crucigera,F,NA,NA,NA,NA,NA,NA,Ekahanui,oct_2023
KRK-122-ITS_S425_L001,Wild_V_Lab_EKA,wild_larvae,Whole_Fly,Drosophila_crucigera,F,NA,NA,NA,NA,NA,NA,Ekahanui,oct_2023
KRK-123-ITS_S426_L001,Wild_V_Lab_EKA,wild_larvae,Whole_Fly,Drosophila_crucigera,F,NA,NA,NA,NA,NA,NA,Ekahanui,oct_2023
KRK-124-ITS_S427_L001,Wild_V_Lab_EKA,wild_larvae,Whole_Fly,Drosophila_crucigera,F,NA,NA,NA,NA,NA,NA,Ekahanui,oct_2023
KRK-125-ITS_S428_L001,Wild_V_Lab_EKA,wild_larvae,Whole_Fly,Drosophila_crucigera,F,NA,NA,NA,NA,NA,NA,Ekahanui,oct_2023
KRK-126-ITS_S429_L001,Wild_V_Lab_EKA,wild_larvae,Whole_Fly,Drosophila_crucigera,F,NA,NA,NA,NA,NA,NA,Ekahanui,oct_2023
KRK-127-ITS_S430_L001,Wild_V_Lab_EKA,wild,Whole_Fly,Drosophila_crucigera,M,NA,NA,NA,NA,NA,NA,Ekahanui,oct_2023
KRK-128-ITS_S431_L001,Wild_V_Lab_EKA,wild,Whole_Fly,Drosophila_crucigera,F,NA,NA,NA,NA,NA,NA,Ekahanui,oct_2023
KRK-129-ITS_S432_L001,Wild_V_Lab_EKA,wild,Whole_Fly,Drosophila_crucigera,F,NA,NA,NA,NA,NA,NA,Ekahanui,oct_2023
KRK-13-ITS_S313_L001,fecal_transfer,1_PBS_exposed,frass_deposit,Drosophila_crucigera,F,3_Last,92,NA,NA,NA,NA,UHM,oct_2023
KRK-130-ITS_S433_L001,Wild_V_Lab_EKA,wild,Whole_Fly,Drosophila_crucigera,F,NA,NA,NA,NA,NA,NA,Ekahanui,oct_2023
KRK-131-ITS_S434_L001,Wild_V_Lab_EKA,wild,Whole_Fly,Drosophila_crucigera,M,NA,NA,NA,NA,NA,NA,Ekahanui,oct_2023
KRK-132-ITS_S435_L001,Wild_V_Lab_EKA,wild,Whole_Fly,Drosophila_crucigera,M,NA,NA,NA,NA,NA,NA,Ekahanui,oct_2023
KRK-133-ITS_S436_L001,Wild_V_Lab_EKA,lab_F1,Whole_Fly,Drosophila_crucigera,M,NA,NA,NA,NA,NA,NA,Ekahanui,oct_2023
KRK-134-ITS_S437_L001,Wild_V_Lab_EKA,lab_F1,Whole_Fly,Drosophila_crucigera,M,NA,NA,NA,NA,NA,NA,Ekahanui,oct_2023
KRK-135-ITS_S438_L001,Wild_V_Lab_EKA,lab_F1,Whole_Fly,Drosophila_crucigera,M,NA,NA,NA,NA,NA,NA,Ekahanui,oct_2023
KRK-136-ITS_S439_L001,Wild_V_Lab_EKA,lab_F1,Whole_Fly,Drosophila_crucigera,M,NA,NA,NA,NA,NA,NA,Ekahanui,oct_2023
KRK-137-ITS_S440_L001,Wild_V_Lab_EKA,lab_F1,Whole_Fly,Drosophila_crucigera,M,NA,NA,NA,NA,NA,NA,Ekahanui,oct_2023
KRK-138-ITS_S441_L001,Wild_V_Lab_EKA,lab_F1,Whole_Fly,Drosophila_crucigera,M,NA,NA,NA,NA,NA,NA,Ekahanui,oct_2023
KRK-139-ITS_S442_L001,Wild_V_Lab_EKA,lab_F1,Whole_Fly,Drosophila_crucigera,M,NA,NA,NA,NA,NA,NA,Ekahanui,oct_2023
KRK-14-ITS_S314_L001,fecal_transfer,1_PBS_exposed,frass_deposit,Drosophila_crucigera,F,3_Last,92,NA,NA,NA,NA,UHM,oct_2023
KRK-140-ITS_S443_L001,Wild_V_Lab_EKA,lab_F1,Whole_Fly,Drosophila_crucigera,M,NA,NA,NA,NA,NA,NA,Ekahanui,oct_2023
KRK-15-ITS_S315_L001,fecal_transfer,1_PBS_exposed,frass_deposit,Drosophila_crucigera,F,1_Early,95,NA,NA,NA,NA,UHM,oct_2023
KRK-153-ITS_S444_L001,Preliminary_NSF_data,rotten,rotten_clermontia,Clermontia_kakeana,NA,Rotten,NA,NA,NA,NA,NA,Manoa_Cliff,oct_2023
KRK-16-ITS_S316_L001,fecal_transfer,1_PBS_exposed,frass_deposit,Drosophila_crucigera,F,3_Late,95,NA,NA,NA,NA,UHM,oct_2023
KRK-17-ITS_S317_L001,fecal_transfer,1_PBS_exposed,frass_deposit,Drosophila_crucigera,F,3_Last,95,NA,NA,NA,NA,UHM,oct_2023
KRK-18-ITS_S318_L001,fecal_transfer,1_PBS_exposed,frass_deposit,Drosophila_crucigera,F,3_Last,95,NA,NA,NA,NA,UHM,oct_2023
KRK-19-ITS_S319_L001,fecal_transfer,2_control,frass_deposit,Drosophila_crucigera,F,1_Early,101,NA,NA,NA,NA,UHM,oct_2023
KRK-2-ITS_S302_L001,fecal_transfer,3_supplemented,frass_deposit,Drosophila_crucigera,F,3_Late,5,NA,NA,NA,NA,UHM,oct_2023
KRK-20-ITS_S320_L001,fecal_transfer,2_control,frass_deposit,Drosophila_crucigera,F,3_Late,101,NA,NA,NA,NA,UHM,oct_2023
KRK-21-ITS_S321_L001,fecal_transfer,2_control,frass_deposit,Drosophila_crucigera,F,1_Early,104,NA,NA,NA,NA,UHM,oct_2023
KRK-22-ITS_S322_L001,fecal_transfer,2_control,frass_deposit,Drosophila_crucigera,F,3_Late,104,NA,NA,NA,NA,UHM,oct_2023
KRK-23-ITS_S323_L001,fecal_transfer,2_control,frass_deposit,Drosophila_crucigera,F,3_Last,104,NA,NA,NA,NA,UHM,oct_2023
KRK-24-ITS_S324_L001,fecal_transfer,2_control,frass_deposit,Drosophila_crucigera,F,3_Last,104,NA,NA,NA,NA,UHM,oct_2023
KRK-25-ITS_S325_L001,fecal_transfer,3_supplemented,frass_deposit,Drosophila_crucigera,F,1_Early,110,NA,NA,NA,NA,UHM,oct_2023
KRK-26-ITS_S326_L001,fecal_transfer,3_supplemented,frass_deposit,Drosophila_crucigera,F,3_Late,110,NA,NA,NA,NA,UHM,oct_2023
KRK-27-ITS_S327_L001,fecal_transfer,3_supplemented,frass_deposit,Drosophila_crucigera,F,3_Last,110,NA,NA,NA,NA,UHM,oct_2023
KRK-28-ITS_S328_L001,fecal_transfer,3_supplemented,frass_deposit,Drosophila_crucigera,F,3_Last,110,NA,NA,NA,NA,UHM,oct_2023
KRK-29-ITS_S329_L001,fecal_transfer,3_supplemented,frass_deposit,Drosophila_crucigera,F,3_Last,110,NA,NA,NA,NA,UHM,oct_2023
KRK-3-ITS_S303_L001,fecal_transfer,supplemented_once,frass_deposit,Drosophila_crucigera,F,1_Early,11,NA,NA,NA,NA,UHM,oct_2023
KRK-30-ITS_S330_L001,fecal_transfer,3_supplemented,frass_deposit,Drosophila_crucigera,F,1_Early,113,NA,NA,NA,NA,UHM,oct_2023
KRK-31-ITS_S331_L001,fecal_transfer,3_supplemented,frass_deposit,Drosophila_crucigera,F,3_Late,113,NA,NA,NA,NA,UHM,oct_2023
KRK-32-ITS_S332_L001,fecal_transfer,3_supplemented,frass_deposit,Drosophila_crucigera,F,3_Last,113,NA,NA,NA,NA,UHM,oct_2023
KRK-33-ITS_S333_L001,fecal_transfer,3_supplemented,frass_deposit,Drosophila_crucigera,F,3_Last,113,NA,NA,NA,NA,UHM,oct_2023
KRK-34-ITS_S334_L001,fecal_transfer,3_supplemented,frass_deposit,Drosophila_crucigera,F,3_Last,113,NA,NA,NA,NA,UHM,oct_2023
KRK-35-ITS_S335_L001,fecal_transfer,4_ plant_exposed,frass_deposit,Drosophila_crucigera,F,1_Early,116,NA,NA,NA,NA,UHM,oct_2023
KRK-36-ITS_S336_L001,fecal_transfer,4_ plant_exposed,frass_deposit,Drosophila_crucigera,F,3_Late,116,NA,NA,NA,NA,UHM,oct_2023
KRK-37-ITS_S337_L001,fecal_transfer,4_ plant_exposed,frass_deposit,Drosophila_crucigera,F,3_Last,116,NA,NA,NA,NA,UHM,oct_2023
KRK-38-ITS_S338_L001,fecal_transfer,4_ plant_exposed,frass_deposit,Drosophila_crucigera,F,3_Last,116,NA,NA,NA,NA,UHM,oct_2023
KRK-39-ITS_S339_L001,fecal_transfer,4_ plant_exposed,frass_deposit,Drosophila_crucigera,F,3_Last,116,NA,NA,NA,NA,UHM,oct_2023
KRK-4-ITS_S304_L001,fecal_transfer,supplemented_once,frass_deposit,Drosophila_crucigera,F,3_Late,11,NA,NA,NA,NA,UHM,oct_2023
KRK-40-ITS_S340_L001,fecal_transfer,4_ plant_exposed,frass_deposit,Drosophila_crucigera,F,1_Early,119,NA,NA,NA,NA,UHM,oct_2023
KRK-41-ITS_S341_L001,fecal_transfer,4_ plant_exposed,frass_deposit,Drosophila_crucigera,F,3_Late,119,NA,NA,NA,NA,UHM,oct_2023
KRK-42-ITS_S342_L001,fecal_transfer,4_ plant_exposed,frass_deposit,Drosophila_crucigera,F,3_Last,119,NA,NA,NA,NA,UHM,oct_2023
KRK-43-ITS_S343_L001,fecal_transfer,4_ plant_exposed,frass_deposit,Drosophila_crucigera,F,3_Last,119,NA,NA,NA,NA,UHM,oct_2023
KRK-44-ITS_S344_L001,fecal_transfer,4_ plant_exposed,frass_deposit,Drosophila_crucigera,F,3_Last,119,NA,NA,NA,NA,UHM,oct_2023
KRK-45-ITS_S345_L001,fecal_transfer,4_ plant_exposed,frass_deposit,Drosophila_crucigera,F,1_Early,122,NA,NA,NA,NA,UHM,oct_2023
KRK-46-ITS_S346_L001,fecal_transfer,4_ plant_exposed,frass_deposit,Drosophila_crucigera,F,3_Late,122,NA,NA,NA,NA,UHM,oct_2023
KRK-47-ITS_S347_L001,fecal_transfer,4_ plant_exposed,frass_deposit,Drosophila_crucigera,F,3_Last,122,NA,NA,NA,NA,UHM,oct_2023
KRK-48-ITS_S348_L001,fecal_transfer,4_ plant_exposed,frass_deposit,Drosophila_crucigera,F,3_Last,122,NA,NA,NA,NA,UHM,oct_2023
KRK-49-ITS_S349_L001,fecal_transfer,4_ plant_exposed,frass_deposit,Drosophila_crucigera,F,3_Last,122,NA,NA,NA,NA,UHM,oct_2023
KRK-5-ITS_S305_L001,fecal_transfer,2_control,frass_deposit,Drosophila_crucigera,F,1_Early,50,NA,NA,NA,NA,UHM,oct_2023
KRK-50-ITS_S350_L001,fecal_transfer,supplemented_inoculum,frass_inoculant,Drosophila_crucigera,F,1_Early,NA,NA,NA,NA,NA,UHM,oct_2023
KRK-51-ITS_S351_L001,fecal_transfer,control_inoculum,frass_inoculant,Drosophila_crucigera,F,1_Early,NA,NA,NA,NA,NA,UHM,oct_2023
KRK-52-ITS_S352_L001,fecal_transfer,supplemented_inoculum,frass_inoculant,Drosophila_crucigera,F,1_Early,NA,NA,NA,NA,NA,UHM,oct_2023
KRK-53-ITS_S353_L001,fecal_transfer,control_inoculum,frass_inoculant,Drosophila_crucigera,F,1_Early,NA,NA,NA,NA,NA,UHM,oct_2023
KRK-54-ITS_S357_L001,fecal_transfer,supplemented_inoculum,frass_inoculant,Drosophila_crucigera,F,1_Early,NA,NA,NA,NA,NA,UHM,oct_2023
KRK-55-ITS_S358_L001,fecal_transfer,control_inoculum,frass_inoculant,Drosophila_crucigera,F,1_Early,NA,NA,NA,NA,NA,UHM,oct_2023
KRK-56-ITS_S359_L001,fecal_transfer,supplemented_inoculum,frass_inoculant,Drosophila_crucigera,F,2_Middle,NA,NA,NA,NA,NA,UHM,oct_2023
KRK-57-ITS_S360_L001,fecal_transfer,control_inoculum,frass_inoculant,Drosophila_crucigera,F,2_Middle,NA,NA,NA,NA,NA,UHM,oct_2023
KRK-58-ITS_S361_L001,fecal_transfer,supplemented_inoculum,frass_inoculant,Drosophila_crucigera,F,3_Late,NA,NA,NA,NA,NA,UHM,oct_2023
KRK-59-ITS_S362_L001,fecal_transfer,control_inoculum,frass_inoculant,Drosophila_crucigera,F,3_Late,NA,NA,NA,NA,NA,UHM,oct_2023
KRK-6-ITS_S306_L001,fecal_transfer,2_control,frass_deposit,Drosophila_crucigera,F,3_Late,50,NA,NA,NA,NA,UHM,oct_2023
KRK-60-ITS_S363_L001,fecal_transfer,3_supplemented,gut,Drosophila_crucigera,F,NA,5,NA,35,4_Low,3_supplemented_1_low,UHM,oct_2023
KRK-61-ITS_S364_L001,fecal_transfer,3_supplemented,gut,Drosophila_crucigera,F,NA,5,NA,96,1_High,3_supplemented_2_high,UHM,oct_2023
KRK-62-ITS_S365_L001,fecal_transfer,supplemented_once,gut,Drosophila_crucigera,F,NA,11,NA,116,1_High,supplemented_once_High,UHM,oct_2023
KRK-63-ITS_S366_L001,fecal_transfer,supplemented_once,gut,Drosophila_crucigera,F,NA,11,NA,115,1_High,supplemented_once_High,UHM,oct_2023
KRK-64-ITS_S367_L001,fecal_transfer,supplemented_once,gut,Drosophila_crucigera,F,NA,11,NA,100,1_High,supplemented_once_High,UHM,oct_2023
KRK-65-ITS_S368_L001,fecal_transfer,control_once,gut,Drosophila_crucigera,F,NA,14,NA,83,2_Medium_High,control_once_High,UHM,oct_2023
KRK-66-ITS_S369_L001,fecal_transfer,1_PBS_exposed,gut,Drosophila_crucigera,F,NA,24,NA,68,3_Medium_Low,1_PBS_exposed_1_low,UHM,oct_2023
KRK-67-ITS_S370_L001,fecal_transfer,2_control,gut,Drosophila_crucigera,F,NA,46,NA,95,1_High,2_control_2_high,UHM,oct_2023
KRK-68-ITS_S371_L001,fecal_transfer,2_control,gut,Drosophila_crucigera,F,NA,47,NA,58,3_Medium_Low,2_control_1_low,UHM,oct_2023
KRK-69-ITS_S372_L001,fecal_transfer,2_control,gut,Drosophila_crucigera,F,NA,81,NA,50,3_Medium_Low,2_control_1_low,UHM,oct_2023
KRK-7-ITS_S307_L001,fecal_transfer,1_PBS_exposed,frass_deposit,Drosophila_crucigera,F,1_Early,89,NA,NA,NA,NA,UHM,oct_2023
KRK-70-ITS_S373_L001,fecal_transfer,2_control,gut,Drosophila_crucigera,F,NA,50,NA,79,2_Medium_High,2_control_2_high,UHM,oct_2023
KRK-71-ITS_S374_L001,fecal_transfer,2_control,gut,Drosophila_crucigera,F,NA,50,NA,107,1_High,2_control_2_high,UHM,oct_2023
KRK-72-ITS_S375_L001,fecal_transfer,2_control,gut,Drosophila_crucigera,F,NA,53,NA,57,3_Medium_Low,2_control_1_low,UHM,oct_2023
KRK-73-ITS_S376_L001,fecal_transfer,2_control,gut,Drosophila_crucigera,F,NA,53,NA,97,1_High,2_control_2_high,UHM,oct_2023
KRK-74-ITS_S377_L001,fecal_transfer,2_control,gut,Drosophila_crucigera,F,NA,53,NA,96,1_High,2_control_2_high,UHM,oct_2023
KRK-75-ITS_S378_L001,fecal_transfer,control_once,gut,Drosophila_crucigera,F,NA,60,NA,124,1_High,control_once_High,UHM,oct_2023
KRK-76-ITS_S379_L001,fecal_transfer,3_supplemented,gut,Drosophila_crucigera,F,NA,72,NA,65,3_Medium_Low,3_supplemented_1_low,UHM,oct_2023
KRK-77-ITS_S380_L001,fecal_transfer,3_supplemented,gut,Drosophila_crucigera,F,NA,73,NA,70,3_Medium_Low,3_supplemented_1_low,UHM,oct_2023
KRK-78-ITS_S381_L001,fecal_transfer,3_supplemented,gut,Drosophila_crucigera,F,NA,74,NA,0,4_Low,3_supplemented_1_low,UHM,oct_2023
KRK-79-ITS_S382_L001,fecal_transfer,3_supplemented,gut,Drosophila_crucigera,F,NA,79,NA,94,1_High,3_supplemented_2_high,UHM,oct_2023
KRK-8-ITS_S308_L001,fecal_transfer,1_PBS_exposed,frass_deposit,Drosophila_crucigera,F,3_Late,89,NA,NA,NA,NA,UHM,oct_2023
KRK-80-ITS_S383_L001,fecal_transfer,3_supplemented,gut,Drosophila_crucigera,F,NA,80,NA,76,2_Medium_High,3_supplemented_2_high,UHM,oct_2023
KRK-81-ITS_S384_L001,fecal_transfer,1_PBS_exposed,gut,Drosophila_crucigera,F,NA,89,NA,100,1_High,1_PBS_exposed_2_high,UHM,oct_2023
KRK-82-ITS_S385_L001,fecal_transfer,1_PBS_exposed,gut,Drosophila_crucigera,F,NA,89,NA,71,3_Medium_Low,1_PBS_exposed_1_low,UHM,oct_2023
KRK-83-ITS_S386_L001,fecal_transfer,1_PBS_exposed,gut,Drosophila_crucigera,F,NA,92,NA,58,3_Medium_Low,1_PBS_exposed_1_low,UHM,oct_2023
KRK-84-ITS_S387_L001,fecal_transfer,1_PBS_exposed,gut,Drosophila_crucigera,F,NA,92,NA,67,3_Medium_Low,1_PBS_exposed_1_low,UHM,oct_2023
KRK-85-ITS_S388_L001,fecal_transfer,1_PBS_exposed,gut,Drosophila_crucigera,F,NA,92,NA,49,4_Low,1_PBS_exposed_1_low,UHM,oct_2023
KRK-86-ITS_S389_L001,fecal_transfer,1_PBS_exposed,gut,Drosophila_crucigera,F,NA,95,NA,86,2_Medium_High,1_PBS_exposed_2_high,UHM,oct_2023
KRK-87-ITS_S390_L001,fecal_transfer,1_PBS_exposed,gut,Drosophila_crucigera,F,NA,95,NA,73,2_Medium_High,1_PBS_exposed_2_high,UHM,oct_2023
KRK-88-ITS_S391_L001,fecal_transfer,1_PBS_exposed,gut,Drosophila_crucigera,F,NA,95,NA,81,2_Medium_High,1_PBS_exposed_2_high,UHM,oct_2023
KRK-89-ITS_S392_L001,fecal_transfer,2_control,gut,Drosophila_crucigera,F,NA,98,NA,25,4_Low,2_control_1_low,UHM,oct_2023
KRK-9-ITS_S309_L001,fecal_transfer,1_PBS_exposed,frass_deposit,Drosophila_crucigera,F,3_Last,89,NA,NA,NA,NA,UHM,oct_2023
KRK-90-ITS_S393_L001,fecal_transfer,2_control,gut,Drosophila_crucigera,F,NA,98,NA,74,2_Medium_High,2_control_2_high,UHM,oct_2023
KRK-91-ITS_S394_L001,fecal_transfer,2_control,gut,Drosophila_crucigera,F,NA,98,NA,52,3_Medium_Low,2_control_1_low,UHM,oct_2023
KRK-92-ITS_S395_L001,fecal_transfer,2_control,gut,Drosophila_crucigera,F,NA,101,NA,20,4_Low,2_control_1_low,UHM,oct_2023
KRK-93-ITS_S396_L001,fecal_transfer,2_control,gut,Drosophila_crucigera,F,NA,101,NA,49,4_Low,2_control_1_low,UHM,oct_2023
KRK-94-ITS_S397_L001,fecal_transfer,2_control,gut,Drosophila_crucigera,F,NA,104,NA,20,4_Low,2_control_1_low,UHM,oct_2023
KRK-95-ITS_S398_L001,fecal_transfer,2_control,gut,Drosophila_crucigera,F,NA,104,NA,27,4_Low,2_control_1_low,UHM,oct_2023
KRK-96-ITS_S399_L001,fecal_transfer,2_control,gut,Drosophila_crucigera,F,NA,104,NA,60,3_Medium_Low,2_control_1_low,UHM,oct_2023
KRK-97-ITS_S400_L001,fecal_transfer,3_supplemented,gut,Drosophila_crucigera,F,NA,107,NA,41,4_Low,3_supplemented_1_low,UHM,oct_2023
KRK-98-ITS_S401_L001,fecal_transfer,3_supplemented,gut,Drosophila_crucigera,F,NA,107,NA,78,2_Medium_High,3_supplemented_2_high,UHM,oct_2023
KRK-99-ITS_S402_L001,fecal_transfer,3_supplemented,gut,Drosophila_crucigera,F,NA,110,NA,67,3_Medium_Low,3_supplemented_1_low,UHM,oct_2023
MAN01-ITS_S733_L001,Wild_V_Lab_EKA,lab_pupa,lab_pupa,Drosophila_crucigera,NA,NA,1,NA,NA,NA,NA,Manoa_Cliff,feb_2024
MAN02-ITS_S734_L001,Wild_V_Lab_EKA,lab_pupa,lab_pupa,Drosophila_crucigera,NA,NA,1,NA,NA,NA,NA,Manoa_Cliff,feb_2024
MAN03-ITS_S735_L001,Wild_V_Lab_EKA,lab_pupa,lab_pupa,Drosophila_crucigera,NA,NA,1,NA,NA,NA,NA,Manoa_Cliff,feb_2024
MAN04-ITS_S736_L001,Wild_V_Lab_EKA,lab_larva,lab_larva,Drosophila_crucigera,NA,NA,1,NA,NA,NA,NA,Manoa_Cliff,feb_2024
MAN05-ITS_S737_L001,Wild_V_Lab_EKA,lab_larva,lab_larva,Drosophila_crucigera,NA,NA,1,NA,NA,NA,NA,Manoa_Cliff,feb_2024
MAN06-ITS_S738_L001,Wild_V_Lab_EKA,lab_larva,lab_larva,Drosophila_crucigera,NA,NA,1,NA,NA,NA,NA,Manoa_Cliff,feb_2024
MAN07-ITS_S739_L001,Wild_V_Lab_EKA,lab_larva,lab_larva,Drosophila_crucigera,NA,NA,1,NA,NA,NA,NA,Manoa_Cliff,feb_2024
MAN08-ITS_S740_L001,Wild_V_Lab_EKA,lab_larva,lab_larva,Drosophila_crucigera,NA,NA,1,NA,NA,NA,NA,Manoa_Cliff,feb_2024
MAN09-ITS_S741_L001,Wild_V_Lab_EKA,lab_larva,lab_larva,Drosophila_crucigera,NA,NA,1,NA,NA,NA,NA,Manoa_Cliff,feb_2024
MAN10-ITS_S742_L001,Wild_V_Lab_EKA,lab_pupa,lab_pupa,Drosophila_crucigera,NA,NA,2,NA,NA,NA,NA,Manoa_Cliff,feb_2024
MAN11-ITS_S743_L001,Wild_V_Lab_EKA,lab_pupa,lab_pupa,Drosophila_crucigera,NA,NA,2,NA,NA,NA,NA,Manoa_Cliff,feb_2024
MAN12-ITS_S744_L001,Wild_V_Lab_EKA,lab_pupa,lab_pupa,Drosophila_crucigera,NA,NA,2,NA,NA,NA,NA,Manoa_Cliff,feb_2024
MAN13-ITS_S745_L001,Wild_V_Lab_EKA,lab_larva,lab_larva,Drosophila_crucigera,NA,NA,2,NA,NA,NA,NA,Manoa_Cliff,feb_2024
MAN14-ITS_S746_L001,Wild_V_Lab_EKA,lab_larva,lab_larva,Drosophila_crucigera,NA,NA,2,NA,NA,NA,NA,Manoa_Cliff,feb_2024
MAN15-ITS_S747_L001,Wild_V_Lab_EKA,lab_larva,lab_larva,Drosophila_crucigera,NA,NA,2,NA,NA,NA,NA,Manoa_Cliff,feb_2024
MAN16-ITS_S748_L001,Wild_V_Lab_EKA,lab_larva,lab_larva,Drosophila_crucigera,NA,NA,2,NA,NA,NA,NA,Manoa_Cliff,feb_2024
MAN17-ITS_S749_L001,Wild_V_Lab_EKA,lab_larva,lab_larva,Drosophila_crucigera,NA,NA,2,NA,NA,NA,NA,Manoa_Cliff,feb_2024
MAN18-ITS_S750_L001,Wild_V_Lab_EKA,lab_larva,lab_larva,Drosophila_crucigera,NA,NA,2,NA,NA,NA,NA,Manoa_Cliff,feb_2024
MAN19-ITS_S751_L001,Wild_V_Lab_EKA,lab_larva,lab_larva,Drosophila_crucigera,NA,NA,2,NA,NA,NA,NA,Manoa_Cliff,feb_2024
MAN20-ITS_S752_L001,Wild_V_Lab_EKA,lab_larva,lab_larva,Drosophila_crucigera,NA,NA,2,NA,NA,NA,NA,Manoa_Cliff,feb_2024
MAN21-ITS_S753_L001,Wild_V_Lab_EKA,lab_larva,lab_larva,Drosophila_crucigera,NA,NA,2,NA,NA,NA,NA,Manoa_Cliff,feb_2024
R3-ITS_S765_L001,Preliminary_NSF_data,rotten,rotten_clermontia,Clermontia_oblongifolia,NA,Rotten,NA,NA,NA,NA,NA,Palikea,feb_2024